,loss,sparse_categorical_accuracy,val_loss,val_sparse_categorical_accuracy
0,0.8493234515190125,0.7475941181182861,0.4497208297252655,0.8451402187347412
1,0.5844999551773071,0.8161662220954895,0.406851202249527,0.8590529561042786
2,0.5349220633506775,0.8294899463653564,0.3906161487102508,0.8644993305206299
3,0.5128147006034851,0.8357452750205994,0.3926644325256347,0.863724946975708
4,0.5029401779174805,0.8378165364265442,0.3884388208389282,0.8645122051239014
